IP,Date,Time,Accepted cookies,Device type,Browser language,Browser name,OS Name,Country,Region,RegionName,City,Zipcode,Lat,Lon
2401:4900:8fcb:b28d:4884:e476:1ebd:1616,2025-05-02,07:38:47 UTC,necessary,mobile,en,Chrome,Android,India,MH,Maharashtra,Pune,411007,18.5211,73.8502
2401:4900:7c89:e571:2081:b4ff:fe1f:5212,2025-05-02,08:22:38 UTC,necessary,mobile,en,Chrome,Android,India,MH,Maharashtra,Pune,411007,18.5211,73.8502
2409:4042:2e1a:ca17:cdef:4dec:a97c:7901,2025-05-02,08:49:20 UTC,necessary,desktop,en,Chrome,Windows,India,MH,Maharashtra,Pune,411005,18.5211,73.8502
123.201.192.53,2025-05-02,09:24:51 UTC,necessary,desktop,en,Chrome,Windows,India,MH,Maharashtra,Pune,411004,18.5211,73.8502
150.107.26.175,2025-05-06,20:28:32 UTC,necessary,desktop,en,Chrome,Windows,India,MH,Maharashtra,Pune,411015,18.5211,73.8502
103.97.242.253,2025-05-14,13:09:26 UTC,necessary,desktop,en,Chrome,Windows,India,MH,Maharashtra,Pune,411008,18.5211,73.8502
103.97.242.253,2025-05-15,03:33:23 UTC,necessary,desktop,en,Chrome,Windows,India,MH,Maharashtra,Pune,411008,18.5211,73.8502
103.97.242.253,2025-05-15,04:03:57 UTC,necessary,desktop,en,Chrome,Windows,India,MH,Maharashtra,Pune,411008,18.5211,73.8502
123.201.192.53,2025-05-15,04:04:24 UTC,necessary,desktop,en,Chrome,Windows,India,MH,Maharashtra,Pune,411004,18.5211,73.8502
103.97.242.253,2025-05-15,04:14:28 UTC,necessary,desktop,en,Chrome,Windows,India,MH,Maharashtra,Pune,411008,18.5211,73.8502
123.201.192.53,2025-05-15,04:21:34 UTC,necessary,desktop,en,Chrome,Windows,India,MH,Maharashtra,Pune,411004,18.5211,73.8502
103.97.242.253,2025-05-15,04:23:50 UTC,necessary,desktop,en,Chrome,Windows,India,MH,Maharashtra,Pune,411008,18.5211,73.8502
123.201.192.53,2025-05-15,04:26:32 UTC,necessary,desktop,en,Chrome,Windows,India,MH,Maharashtra,Pune,411004,18.5211,73.8502
103.97.242.253,2025-05-15,04:28:21 UTC,necessary,desktop,en,Chrome,Windows,India,MH,Maharashtra,Pune,411008,18.5211,73.8502
123.201.192.53,2025-05-15,04:35:57 UTC,necessary,desktop,en,Chrome,Windows,India,MH,Maharashtra,Pune,411004,18.5211,73.8502
123.201.192.53,2025-05-15,05:29:32 UTC,necessary,desktop,en,Chrome,Windows,India,MH,Maharashtra,Pune,411004,18.5211,73.8502
123.201.192.53,2025-05-15,08:20:16 UTC,necessary,desktop,en,Chrome,Windows,India,MH,Maharashtra,Pune,411004,18.5211,73.8502
103.97.242.253,2025-05-15,08:45:19 UTC,necessary,desktop,en,Chrome,Windows,India,MH,Maharashtra,Pune,411008,18.5211,73.8502
103.97.242.253,2025-05-15,08:59:38 UTC,necessary,desktop,en,Chrome,Windows,India,MH,Maharashtra,Pune,411008,18.5211,73.8502
103.97.242.253,2025-05-15,09:23:39 UTC,necessary,desktop,en,Chrome,Windows,India,MH,Maharashtra,Pune,411008,18.5211,73.8502
103.97.242.253,2025-05-15,09:32:05 UTC,necessary,desktop,en,Chrome,Windows,India,MH,Maharashtra,Pune,411008,18.5211,73.8502
123.201.192.53,2025-05-15,11:15:37 UTC,necessary,desktop,en,Chrome,Windows,India,MH,Maharashtra,Pune,411004,18.5211,73.8502
123.201.192.53,2025-05-15,11:31:28 UTC,necessary,desktop,en,Chrome,Windows,India,MH,Maharashtra,Pune,411004,18.5211,73.8502
123.201.192.53,2025-05-15,11:46:54 UTC,necessary,desktop,en,Chrome,Windows,India,MH,Maharashtra,Pune,411004,18.5211,73.8502
103.97.242.253,2025-05-15,12:16:52 UTC,necessary,desktop,en,Chrome,Windows,India,MH,Maharashtra,Pune,411008,18.5211,73.8502
123.201.192.53,2025-05-15,12:22:51 UTC,necessary,desktop,en,Chrome,Windows,India,MH,Maharashtra,Pune,411004,18.5211,73.8502
103.97.242.253,2025-05-15,12:35:54 UTC,necessary,desktop,en,Chrome,Windows,India,MH,Maharashtra,Pune,411008,18.5211,73.8502
103.97.242.253,2025-05-15,12:43:16 UTC,necessary,desktop,en,Chrome,Windows,India,MH,Maharashtra,Pune,411008,18.5211,73.8502
123.201.192.53,2025-05-15,12:43:49 UTC,necessary,desktop,en,Chrome,Windows,India,MH,Maharashtra,Pune,411004,18.5211,73.8502
123.201.192.53,2025-05-16,03:47:29 UTC,necessary,desktop,en,Chrome,Windows,India,MH,Maharashtra,Pune,411004,18.5211,73.8502
123.201.192.53,2025-05-16,05:32:52 UTC,necessary,desktop,en,Chrome,Windows,India,MH,Maharashtra,Pune,411004,18.5211,73.8502
123.201.192.53,2025-05-16,09:32:45 UTC,necessary,desktop,en,Chrome,Windows,India,MH,Maharashtra,Pune,411004,18.5211,73.8502
103.97.242.253,2025-05-17,11:57:11 UTC,necessary,desktop,en,Chrome,Windows,India,MH,Maharashtra,Pune,411008,18.5211,73.8502
2409:40c2:129b:aa00:c810:91ff:fe8e:2a48,2025-05-20,12:12:35 UTC,necessary,mobile,en,Chrome,Android,India,MH,Maharashtra,Pune,411001,18.5211,73.8502
123.201.192.53,2025-05-23,08:31:04 UTC,necessary,desktop,en,Chrome,Windows,India,MH,Maharashtra,Pune,411004,18.5211,73.8502
103.97.242.252,2025-06-02,04:48:42 UTC,necessary,desktop,en,Chrome,Windows,India,MH,Maharashtra,Pune,411008,18.5211,73.8502
103.31.40.27,2025-06-04,06:48:18 UTC,necessary,desktop,en,Chrome,Windows,India,MH,Maharashtra,Pune,411004,18.5211,73.8502
103.31.40.27,2025-06-06,09:27:55 UTC,necessary,desktop,en,Chrome,Windows,India,MH,Maharashtra,Pune,411004,18.5211,73.8502
123.201.192.53,2025-06-09,05:36:46 UTC,necessary,desktop,en,Chrome,Windows,India,MH,Maharashtra,Pune,411004,18.5211,73.8502
123.201.192.53,2025-06-10,04:02:55 UTC,necessary,desktop,en,Chrome,Windows,India,MH,Maharashtra,Pune,411004,18.5211,73.8502
